,日付,始値,高値,安値,終値,出来高,終値調整,前日比(率),翌日比(率),answer
0,2017-01-04,836.0,837.0,826.0,835.0,5077000.0,4175.0,0.0,0.0,0
1,2017-01-05,835.0,836.0,828.0,835.0,5317000.0,4175.0,0.0,-0.009489916963226541,1
2,2017-01-06,836.0,844.0,835.0,843.0,5559000.0,4215.0,0.009580838323353325,0.004767580452920139,-1
3,2017-01-10,843.0,843.0,835.0,839.0,4864000.0,4195.0,-0.004744958481613271,-0.008274231678486954,1
4,2017-01-11,842.0,846.0,835.0,846.0,4467000.0,4230.0,0.008343265792610355,0.020506634499396936,-1
5,2017-01-12,845.0,845.0,821.0,829.0,6375000.0,4145.0,-0.02009456264775411,-0.010739856801909253,1
6,2017-01-13,833.0,838.0,828.0,838.0,4176000.0,4190.0,0.010856453558504287,0.004796163069544335,-1
7,2017-01-16,835.0,840.0,830.0,834.0,3363000.0,4170.0,-0.004773269689737458,0.030902348578492056,-1
8,2017-01-17,830.0,831.0,808.0,809.0,6367000.0,4045.0,-0.029976019184652314,-0.002466091245376112,1
9,2017-01-18,811.0,818.0,803.0,811.0,6324000.0,4055.0,0.0024721878862794533,-0.006127450980392135,1
10,2017-01-19,819.0,820.0,811.0,816.0,6085000.0,4080.0,0.006165228113440113,-0.0024449877750610804,1
11,2017-01-20,814.0,819.0,811.0,818.0,3653000.0,4090.0,0.002450980392156854,0.011124845488257096,-1
12,2017-01-23,810.0,814.0,806.0,809.0,4851000.0,4045.0,-0.011002444987775029,0.003722084367245637,-1
13,2017-01-24,807.0,812.0,803.0,806.0,4564000.0,4030.0,-0.003708281829419069,-0.0012391573729864103,1
14,2017-01-25,816.0,820.0,805.0,807.0,4105000.0,4035.0,0.001240694789081953,-0.012239902080783405,1
15,2017-01-26,809.0,818.0,809.0,817.0,5469000.0,4085.0,0.012391573729863659,0.0024539877300613355,-1
16,2017-01-27,819.0,822.0,813.0,815.0,3829000.0,4075.0,-0.002447980416156681,0.004932182490752224,-1
17,2017-01-30,810.0,813.0,807.0,811.0,2820000.0,4055.0,-0.004907975460122671,0.01122194513715713,-1
18,2017-01-31,805.0,809.0,802.0,802.0,4774000.0,4010.0,-0.011097410604192337,-0.00496277915632759,1
19,2017-02-01,798.0,806.0,792.0,806.0,3495000.0,4030.0,0.004987531172069737,0.007500000000000062,-1
20,2017-02-02,802.0,808.0,799.0,800.0,6545000.0,4000.0,-0.007444168734491274,0.007556675062972307,-1
21,2017-02-03,801.0,803.0,793.0,794.0,5455000.0,3970.0,-0.007499999999999951,-0.0012578616352201255,1
22,2017-02-06,798.0,799.0,792.0,795.0,3708000.0,3975.0,0.0012594458438286438,-0.006249999999999978,1
23,2017-02-07,793.0,805.0,793.0,800.0,3765000.0,4000.0,0.0062893081761006275,0.011378002528444897,-1
24,2017-02-08,800.0,801.0,779.0,791.0,10555000.0,3955.0,-0.011249999999999982,-0.00877192982456143,1
25,2017-02-09,795.0,804.0,792.0,798.0,5521000.0,3990.0,0.008849557522123908,-0.01115241635687736,1
26,2017-02-10,806.0,812.0,801.0,807.0,5572000.0,4035.0,0.011278195488721776,-0.0073800738007380184,1
27,2017-02-13,809.0,814.0,803.0,813.0,3925000.0,4065.0,0.0074349442379182396,0.009937888198757738,-1
28,2017-02-14,815.0,820.0,803.0,805.0,5591000.0,4025.0,-0.009840098400983988,-0.012269938650306789,1
29,2017-02-15,811.0,819.0,809.0,815.0,4567000.0,4075.0,0.012422360248447228,0.006172839506172867,-1
30,2017-02-16,812.0,816.0,806.0,810.0,4024000.0,4050.0,-0.006134969325153339,0.006211180124223503,-1
31,2017-02-17,807.0,810.0,802.0,805.0,3833000.0,4025.0,-0.006172839506172867,-0.001240694789081842,1
32,2017-02-20,804.0,807.0,796.0,806.0,3030000.0,4030.0,0.001242236024844745,0.001242236024844745,-1
33,2017-02-21,807.0,811.0,802.0,805.0,3785000.0,4025.0,-0.001240694789081842,0.010037641154328814,-1
34,2017-02-22,801.0,802.0,795.0,797.0,4342000.0,3985.0,-0.009937888198757738,0.0,0
35,2017-02-23,792.0,797.0,785.0,797.0,5223000.0,3985.0,0.0,0.007585335018963413,-1
36,2017-02-24,792.0,796.0,788.0,791.0,4257000.0,3955.0,-0.007528230865746499,0.010217113665389466,-1
37,2017-02-27,783.0,786.0,778.0,783.0,6391000.0,3915.0,-0.010113780025284402,-0.006345177664974666,1
38,2017-02-28,788.0,798.0,787.0,788.0,7347000.0,3940.0,0.0063856960408683605,-0.01253132832080206,1
39,2017-03-01,793.0,799.0,788.0,798.0,5527000.0,3990.0,0.012690355329949332,-0.008695652173912993,1
40,2017-03-02,803.0,807.0,800.0,805.0,4965000.0,4025.0,0.00877192982456143,0.0012437810945273853,-1
41,2017-03-03,805.0,810.0,801.0,804.0,5611000.0,4020.0,-0.001242236024844745,0.006257822277847325,-1
42,2017-03-06,800.0,801.0,796.0,799.0,2631000.0,3995.0,-0.006218905472636815,0.0037688442211054607,-1
43,2017-03-07,796.0,799.0,795.0,796.0,3501000.0,3980.0,-0.003754693366708417,-0.011180124223602483,1
44,2017-03-08,795.0,805.0,795.0,805.0,5862000.0,4025.0,0.011306532663316604,-0.0024783147459727095,1
45,2017-03-09,809.0,810.0,802.0,807.0,4539000.0,4035.0,0.00248447204968949,-0.004932182490752113,1
46,2017-03-10,812.0,815.0,807.0,811.0,5643000.0,4055.0,0.004956629491945419,-0.007343941248470043,1
47,2017-03-13,810.0,819.0,808.0,817.0,4251000.0,4085.0,0.007398273736128225,-0.006082725060827299,1
48,2017-03-14,816.0,824.0,813.0,822.0,4174000.0,4110.0,0.006119951040391758,-0.0024271844660194164,1
49,2017-03-15,821.0,832.0,821.0,824.0,3953000.0,4120.0,0.0024330900243310083,-0.008423586040914532,1
50,2017-03-16,831.0,833.0,827.0,831.0,5052000.0,4155.0,0.008495145631068013,0.01218026796589533,-1
51,2017-03-17,827.0,828.0,820.0,821.0,4814000.0,4105.0,-0.012033694344163681,-0.0012165450121655041,1
52,2017-03-21,819.0,825.0,816.0,822.0,2793000.0,4110.0,0.0012180267965895553,0.00366300366300365,-1
53,2017-03-22,813.0,825.0,812.0,819.0,4848000.0,4095.0,-0.0036496350364964014,0.006142506142506221,-1
54,2017-03-23,817.0,818.0,811.0,814.0,3576000.0,4070.0,-0.006105006105006083,-0.018094089264173663,1
55,2017-03-24,818.0,830.0,816.0,829.0,5968000.0,4145.0,0.01842751842751844,-0.005995203836930418,1
56,2017-03-27,838.0,843.0,826.0,834.0,9681000.0,4170.0,0.006031363088057962,0.0024038461538462563,-1
57,2017-03-28,837.0,837.0,829.0,832.0,4920000.0,4160.0,-0.0023980815347721673,0.006045949214026569,-1
58,2017-03-29,827.0,831.0,822.0,827.0,4392000.0,4135.0,-0.006009615384615419,0.027329192546583947,-1
59,2017-03-30,823.0,823.0,803.0,805.0,4680000.0,4025.0,-0.026602176541717037,-0.007398273736128225,1
60,2017-03-31,810.0,822.0,810.0,811.0,6182000.0,4055.0,0.007453416149068248,-0.028742514970059863,1
61,2017-04-03,812.0,837.0,812.0,835.0,8060000.0,4175.0,0.0295930949445129,0.0036057692307691624,-1
62,2017-04-04,836.0,838.0,828.0,832.0,7686000.0,4160.0,-0.003592814371257469,-0.0012004801920768582,1
63,2017-04-05,831.0,835.0,824.0,833.0,4853000.0,4165.0,0.0012019230769231282,0.017094017094017033,-1
64,2017-04-06,831.0,834.0,817.0,819.0,4787000.0,4095.0,-0.01680672268907568,-0.004860267314702349,1
65,2017-04-07,822.0,828.0,818.0,823.0,5409000.0,4115.0,0.004884004884004867,-0.006038647342995196,1
66,2017-04-10,826.0,831.0,823.0,828.0,2739000.0,4140.0,0.0060753341433779084,0.0,0
67,2017-04-11,823.0,829.0,823.0,828.0,2408000.0,4140.0,0.0,0.0,0
68,2017-04-12,824.0,829.0,820.0,828.0,3525000.0,4140.0,0.0,0.01098901098901095,-1
69,2017-04-13,825.0,827.0,816.0,819.0,3998000.0,4095.0,-0.010869565217391353,0.014869888475836479,-1
70,2017-04-14,821.0,822.0,805.0,807.0,3914000.0,4035.0,-0.0146520146520146,-0.0073800738007380184,1
71,2017-04-17,801.0,815.0,801.0,813.0,3093000.0,4065.0,0.0074349442379182396,-0.0157384987893463,1
72,2017-04-18,818.0,830.0,818.0,826.0,3960000.0,4130.0,0.01599015990159902,0.01225490196078427,-1
73,2017-04-19,821.0,822.0,812.0,816.0,3890000.0,4080.0,-0.01210653753026636,-0.0024449877750610804,1
74,2017-04-20,817.0,823.0,813.0,818.0,3694000.0,4090.0,0.002450980392156854,-0.013268998793727338,1
75,2017-04-21,821.0,830.0,819.0,829.0,4776000.0,4145.0,0.01344743276283622,-0.007185628742514938,1
76,2017-04-24,834.0,840.0,831.0,835.0,7025000.0,4175.0,0.007237635705669376,-0.009489916963226541,1
77,2017-04-25,836.0,850.0,834.0,843.0,7545000.0,4215.0,0.009580838323353325,-0.008235294117647007,1
78,2017-04-26,849.0,853.0,844.0,850.0,4760000.0,4250.0,0.008303677342823335,0.00591715976331364,-1
79,2017-04-27,844.0,848.0,843.0,845.0,3667000.0,4225.0,-0.00588235294117645,-0.00588235294117645,1
80,2017-04-28,846.0,856.0,845.0,850.0,5194000.0,4250.0,0.00591715976331364,-0.001175088131609825,1
81,2017-05-01,848.0,853.0,847.0,851.0,2867000.0,4255.0,0.0011764705882353343,-0.004678362573099393,1
82,2017-05-02,854.0,861.0,853.0,855.0,4345000.0,4275.0,0.004700352526439522,-0.027303754266211566,1
83,2017-05-08,868.0,883.0,864.0,879.0,8638000.0,4395.0,0.02807017543859658,-0.006779661016949157,1
84,2017-05-09,886.0,887.0,879.0,885.0,5024000.0,4425.0,0.006825938566553003,0.0,0
85,2017-05-10,883.0,888.0,881.0,885.0,3987000.0,4425.0,0.0,-0.0011286681715575453,1
86,2017-05-11,880.0,894.0,879.0,886.0,5266000.0,4430.0,0.001129943502824915,-0.008948545861297563,1
87,2017-05-12,881.0,910.0,874.0,894.0,11654000.0,4470.0,0.009029345372460584,-0.027203482045701888,1
88,2017-05-15,893.0,920.0,893.0,919.0,9105000.0,4595.0,0.027964205816554788,-0.0075593952483801186,1
89,2017-05-16,916.0,927.0,916.0,926.0,8921000.0,4630.0,0.007616974972796564,0.00108108108108107,-1
90,2017-05-17,917.0,933.0,915.0,925.0,7405000.0,4625.0,-0.001079913606911398,-0.003232758620689613,1
91,2017-05-18,914.0,928.0,914.0,928.0,6155000.0,4640.0,0.00324324324324321,-0.0064239828693790635,1
92,2017-05-19,931.0,936.0,929.0,934.0,5753000.0,4670.0,0.006465517241379226,0.001071811361200492,-1
93,2017-05-22,936.0,939.0,932.0,933.0,4871000.0,4665.0,-0.0010706638115631772,-0.002139037433155133,1
94,2017-05-23,934.0,947.0,934.0,935.0,4630000.0,4675.0,0.002143622722400762,-0.0010683760683760646,1
95,2017-05-24,940.0,944.0,935.0,936.0,4332000.0,4680.0,0.0010695187165774556,-0.006369426751592355,1
96,2017-05-25,935.0,946.0,933.0,942.0,5035000.0,4710.0,0.0064102564102563875,0.004264392324093924,-1
97,2017-05-26,940.0,946.0,937.0,938.0,4265000.0,4690.0,-0.00424628450106157,-0.0031880977683315104,1
98,2017-05-29,938.0,946.0,936.0,941.0,3270000.0,4705.0,0.0031982942430703876,-0.004232804232804255,1
99,2017-05-30,944.0,951.0,941.0,945.0,4677000.0,4725.0,0.004250797024442088,-0.0010570824524313016,1
100,2017-05-31,945.0,947.0,937.0,946.0,8336000.0,4730.0,0.0010582010582009804,-0.010460251046025104,1
101,2017-06-01,948.0,958.0,947.0,956.0,5969000.0,4780.0,0.010570824524312794,-0.00932642487046631,1
102,2017-06-02,959.0,968.0,956.0,965.0,6820000.0,4825.0,0.009414225941422494,-0.01025641025641022,1
103,2017-06-05,965.0,977.0,963.0,975.0,4965000.0,4875.0,0.010362694300518172,0.0010266940451746365,-1
104,2017-06-06,973.0,979.0,970.0,974.0,5047000.0,4870.0,-0.0010256410256410664,0.022035676810073346,-1
105,2017-06-07,968.0,973.0,953.0,953.0,6760000.0,4765.0,-0.021560574948665256,-0.006256517205422307,1
106,2017-06-08,952.0,964.0,951.0,959.0,4530000.0,4795.0,0.006295907660021083,0.004188481675392763,-1
107,2017-06-09,961.0,966.0,953.0,955.0,6103000.0,4775.0,-0.004171011470281538,-0.016477857878475777,1
108,2017-06-12,953.0,972.0,953.0,971.0,5034000.0,4855.0,0.01675392670157061,-0.020181634712411745,1
109,2017-06-13,975.0,993.0,975.0,991.0,7319000.0,4955.0,0.020597322348094638,-0.01588877855014892,1
110,2017-06-14,991.0,1008.0,991.0,1007.0,7879000.0,5035.0,0.016145307769929396,-0.01851851851851849,1
111,2017-06-15,1006.0,1028.0,1005.0,1026.0,7977000.0,5130.0,0.018867924528301883,0.00391389432485334,-1
112,2017-06-16,1026.0,1032.0,1014.0,1022.0,6864000.0,5110.0,-0.003898635477582846,-0.02294455066921608,1
113,2017-06-19,1026.0,1046.0,1026.0,1046.0,6454000.0,5230.0,0.023483365949119372,-0.021515434985968196,1
114,2017-06-20,1064.0,1076.0,1063.0,1069.0,8760000.0,5345.0,0.02198852772466542,-0.0037278657968312645,1
115,2017-06-21,1064.0,1075.0,1054.0,1073.0,6244000.0,5365.0,0.00374181478016844,0.000932835820895539,0
116,2017-06-22,1071.0,1080.0,1065.0,1072.0,5342000.0,5360.0,-0.0009319664492077884,-0.0018621973929237035,1
117,2017-06-23,1072.0,1077.0,1063.0,1074.0,4714000.0,5370.0,0.001865671641791078,0.02285714285714291,-1
118,2017-06-26,1072.0,1073.0,1050.0,1050.0,6628000.0,5250.0,-0.022346368715083775,0.005747126436781658,-1
119,2017-06-27,1052.0,1053.0,1038.0,1044.0,6544000.0,5220.0,-0.005714285714285672,0.0019193857965451588,-1
120,2017-06-28,1039.0,1049.0,1039.0,1042.0,3847000.0,5210.0,-0.0019157088122605526,0.006763285024154575,-1
121,2017-06-29,1044.0,1046.0,1025.0,1035.0,7578000.0,5175.0,-0.006717850287907834,0.00877192982456143,-1
122,2017-06-30,1020.0,1031.0,1019.0,1026.0,5624000.0,5130.0,-0.008695652173912993,-0.004849660523763344,1
123,2017-07-03,1029.0,1046.0,1028.0,1031.0,5174000.0,5155.0,0.004873294346978474,0.00782013685239491,-1
124,2017-07-04,1037.0,1037.0,1020.0,1023.0,3881000.0,5115.0,-0.007759456838021372,-0.0019512195121951237,1
125,2017-07-05,1022.0,1025.0,1010.0,1025.0,6420000.0,5125.0,0.0019550342130987275,-0.021946564885496178,1
126,2017-07-06,1048.0,1062.0,1043.0,1048.0,8789000.0,5240.0,0.022439024390243922,0.013539651837524147,-1
127,2017-07-07,1043.0,1044.0,1028.0,1034.0,5356000.0,5170.0,-0.013358778625954248,-0.003853564547206201,1
128,2017-07-10,1035.0,1042.0,1025.0,1038.0,3956000.0,5190.0,0.003868471953578423,-0.017045454545454586,1
129,2017-07-11,1041.0,1056.0,1039.0,1056.0,3901000.0,5280.0,0.01734104046242768,0.019305019305019266,-1
130,2017-07-12,1049.0,1054.0,1035.0,1036.0,4299000.0,5180.0,-0.018939393939393923,-0.01614434947768284,1
131,2017-07-13,1040.0,1057.0,1040.0,1053.0,3918000.0,5265.0,0.01640926640926632,-0.007540056550424112,1
132,2017-07-14,1061.0,1067.0,1056.0,1061.0,3722000.0,5305.0,0.007597340930674212,0.0,0
133,2017-07-18,1059.0,1065.0,1054.0,1061.0,3636000.0,5305.0,0.0,-0.0028195488721804995,1
134,2017-07-19,1061.0,1074.0,1061.0,1064.0,5165000.0,5320.0,0.002827521206409056,-0.01023255813953483,1
135,2017-07-20,1062.0,1083.0,1062.0,1075.0,4334000.0,5375.0,0.010338345864661758,0.008442776735459567,-1
136,2017-07-21,1075.0,1075.0,1064.0,1066.0,3565000.0,5330.0,-0.008372093023255811,0.0,0
137,2017-07-24,1056.0,1067.0,1056.0,1066.0,2982000.0,5330.0,0.0,0.004712535344015167,-1
138,2017-07-25,1068.0,1073.0,1056.0,1061.0,3641000.0,5305.0,-0.004690431519699834,0.002835538752362865,-1
139,2017-07-26,1066.0,1068.0,1057.0,1058.0,2585000.0,5290.0,-0.002827521206409056,0.0047483380816715215,-1
140,2017-07-27,1059.0,1067.0,1052.0,1053.0,3951000.0,5265.0,-0.00472589792060496,-0.00472589792060496,1
141,2017-07-28,1050.0,1059.0,1040.0,1058.0,4014000.0,5290.0,0.0047483380816715215,0.0018939393939394478,-1
142,2017-07-31,1049.0,1060.0,1042.0,1056.0,4585000.0,5280.0,-0.001890359168241984,-0.028518859245630135,1
143,2017-08-01,1054.0,1088.0,1052.0,1087.0,6329000.0,5435.0,0.029356060606060552,0.008348794063079756,-1
144,2017-08-02,1090.0,1093.0,1067.0,1078.0,5360000.0,5390.0,-0.008279668813247487,-0.004616805170821747,1
145,2017-08-03,1078.0,1091.0,1077.0,1083.0,3916000.0,5415.0,0.004638218923933124,-0.004595588235294157,1
146,2017-08-04,1081.0,1092.0,1080.0,1088.0,2820000.0,5440.0,0.004616805170821747,-0.012704174228675091,1
147,2017-08-07,1092.0,1120.0,1083.0,1102.0,12788000.0,5510.0,0.012867647058823595,0.0,0
148,2017-08-08,1106.0,1113.0,1089.0,1102.0,7761000.0,5510.0,0.0,0.011009174311926495,-1
149,2017-08-09,1099.0,1104.0,1083.0,1090.0,6179000.0,5450.0,-0.010889292196007205,-0.004566210045662156,1
150,2017-08-10,1098.0,1098.0,1080.0,1095.0,4527000.0,5475.0,0.004587155963302836,0.007359705611775569,-1
151,2017-08-14,1094.0,1094.0,1082.0,1087.0,5708000.0,5435.0,-0.007305936073059405,-0.0045787545787545625,1
152,2017-08-15,1095.0,1104.0,1090.0,1092.0,4748000.0,5460.0,0.004599816007359703,0.022471910112359605,-1
153,2017-08-16,1094.0,1098.0,1067.0,1068.0,4823000.0,5340.0,-0.02197802197802201,0.006597549481621057,-1
154,2017-08-17,1067.0,1072.0,1061.0,1061.0,3224000.0,5305.0,-0.006554307116104829,0.013371537726838634,-1
155,2017-08-18,1052.0,1059.0,1044.0,1047.0,4277000.0,5235.0,-0.013195098963242224,-0.027855153203342642,1
156,2017-08-21,1055.0,1079.0,1055.0,1077.0,5645000.0,5385.0,0.02865329512893977,-0.001853568118628357,1
157,2017-08-22,1081.0,1090.0,1078.0,1079.0,4327000.0,5395.0,0.0018570102135562205,-0.0027726432532347856,1
158,2017-08-23,1092.0,1093.0,1081.0,1082.0,3585000.0,5410.0,0.002780352177942591,-0.006427915518824601,1
159,2017-08-24,1086.0,1096.0,1086.0,1089.0,3851000.0,5445.0,0.006469500924214389,0.0196629213483146,-1
160,2017-08-25,1087.0,1089.0,1067.0,1068.0,4457000.0,5340.0,-0.019283746556473802,-0.011111111111111072,1
161,2017-08-28,1074.0,1084.0,1073.0,1080.0,3361000.0,5400.0,0.011235955056179803,-0.022624434389140302,1
162,2017-08-29,1079.0,1107.0,1079.0,1105.0,6494000.0,5525.0,0.02314814814814814,0.0,0
163,2017-08-30,1113.0,1118.0,1096.0,1105.0,5092000.0,5525.0,0.0,0.0018132366273799772,-1
164,2017-08-31,1101.0,1106.0,1096.0,1103.0,4268000.0,5515.0,-0.0018099547511312153,-0.010762331838565009,1
165,2017-09-01,1106.0,1117.0,1103.0,1115.0,4099000.0,5575.0,0.010879419764279197,0.010879419764279197,-1
166,2017-09-04,1112.0,1118.0,1103.0,1103.0,3313000.0,5515.0,-0.010762331838565009,0.006386861313868675,-1
167,2017-09-05,1102.0,1105.0,1092.0,1096.0,4254000.0,5480.0,-0.006346328195829587,-0.02317290552584672,1
168,2017-09-06,1093.0,1124.0,1092.0,1122.0,7010000.0,5610.0,0.02372262773722622,-0.01405975395430581,1
169,2017-09-07,1130.0,1152.0,1130.0,1138.0,6618000.0,5690.0,0.01426024955436711,0.0044130626654899086,-1
170,2017-09-08,1131.0,1138.0,1124.0,1133.0,5658000.0,5665.0,-0.004393673110720586,-0.011343804537521818,1
171,2017-09-11,1150.0,1154.0,1141.0,1146.0,4619000.0,5730.0,0.011473962930273585,0.0008733624454149158,0
172,2017-09-12,1152.0,1161.0,1142.0,1145.0,5450000.0,5725.0,-0.0008726003490401313,-0.012079378774805916,1
173,2017-09-13,1139.0,1161.0,1133.0,1159.0,4024000.0,5795.0,0.012227074235807933,0.019349164467898028,-1
174,2017-09-14,1157.0,1160.0,1133.0,1137.0,6150000.0,5685.0,-0.018981880931837836,-0.009581881533101022,1
175,2017-09-15,1138.0,1152.0,1136.0,1148.0,5675000.0,5740.0,0.009674582233949014,-0.020477815699658675,1
176,2017-09-19,1157.0,1175.0,1153.0,1172.0,5106000.0,5860.0,0.020905923344947785,-0.010135135135135087,1
177,2017-09-20,1172.0,1197.0,1171.0,1184.0,5921000.0,5920.0,0.010238907849829282,0.007659574468085184,-1
178,2017-09-21,1190.0,1193.0,1173.0,1175.0,5145000.0,5875.0,-0.007601351351351315,0.0008517887563883608,0
179,2017-09-22,1175.0,1187.0,1173.0,1174.0,4164000.0,5870.0,-0.0008510638297872797,-0.008445945945945943,1
180,2017-09-25,1185.0,1186.0,1175.0,1184.0,2560000.0,5920.0,0.008517887563884052,-0.002527379949452402,1
181,2017-09-26,1190.0,1197.0,1179.0,1187.0,4531000.0,5935.0,0.0025337837837837718,-0.7967465753424657,1
182,2017-09-27,5890.0,5900.0,5800.0,5840.0,835900.0,5840.0,3.919966301600674,0.005163511187607606,-1
183,2017-09-28,5830.0,5890.0,5770.0,5810.0,1127500.0,5810.0,-0.005136986301369828,-0.015254237288135575,1
184,2017-09-29,5790.0,5900.0,5780.0,5900.0,1212500.0,5900.0,0.015490533562822817,0.012006861063464935,-1
185,2017-10-02,5880.0,5920.0,5800.0,5830.0,708200.0,5830.0,-0.011864406779661052,-0.013536379018612488,1
186,2017-10-03,5880.0,5920.0,5870.0,5910.0,684600.0,5910.0,0.013722126929674117,0.005102040816326481,-1
187,2017-10-04,5840.0,5890.0,5830.0,5880.0,533900.0,5880.0,-0.005076142131979711,-0.005076142131979711,1
188,2017-10-05,5860.0,5930.0,5850.0,5910.0,535000.0,5910.0,0.005102040816326481,0.00339558573853993,-1
189,2017-10-06,5900.0,5920.0,5870.0,5890.0,574000.0,5890.0,-0.0033840947546531774,-0.04071661237785018,1
190,2017-10-10,5950.0,6160.0,5940.0,6140.0,1489500.0,6140.0,0.042444821731748794,-0.004862236628849326,1
191,2017-10-11,6120.0,6190.0,6110.0,6170.0,965700.0,6170.0,0.004885993485342022,-0.004838709677419395,1
192,2017-10-12,6200.0,6250.0,6190.0,6200.0,803600.0,6200.0,0.004862236628849326,-0.015873015873015928,1
193,2017-10-13,6230.0,6350.0,6190.0,6300.0,1427400.0,6300.0,0.016129032258064502,0.016129032258064502,-1
194,2017-10-16,6220.0,6250.0,6080.0,6200.0,901300.0,6200.0,-0.015873015873015928,0.001615508885298933,-1
195,2017-10-17,6200.0,6220.0,6170.0,6190.0,775400.0,6190.0,-0.001612903225806428,0.011437908496731986,-1
196,2017-10-18,6170.0,6170.0,6110.0,6120.0,873400.0,6120.0,-0.011308562197092087,0.008237232289950658,-1
197,2017-10-19,6140.0,6150.0,6050.0,6070.0,828100.0,6070.0,-0.008169934640522847,0.0,0
198,2017-10-20,6020.0,6120.0,6010.0,6070.0,733700.0,6070.0,0.0,-0.008169934640522847,1
199,2017-10-23,6110.0,6170.0,6090.0,6120.0,621600.0,6120.0,0.008237232289950658,-0.01449275362318836,1
200,2017-10-24,6120.0,6220.0,6090.0,6210.0,679400.0,6210.0,0.014705882352941124,0.004854368932038833,-1
201,2017-10-25,6220.0,6240.0,6170.0,6180.0,708300.0,6180.0,-0.004830917874396157,-0.014354066985645897,1
202,2017-10-26,6100.0,6290.0,6070.0,6270.0,1224100.0,6270.0,0.014563106796116498,0.019512195121951237,-1
203,2017-10-27,6280.0,6350.0,6080.0,6150.0,1889100.0,6150.0,-0.019138755980861233,-0.012841091492776902,1
204,2017-10-30,6170.0,6230.0,6150.0,6230.0,1130700.0,6230.0,0.01300813008130075,-0.006379585326953707,1
205,2017-10-31,6200.0,6290.0,6200.0,6270.0,628100.0,6270.0,0.006420545746388395,-0.026397515527950333,1
206,2017-11-01,6330.0,6450.0,6270.0,6440.0,1070200.0,6440.0,0.027113237639553533,-0.010752688172043001,1
207,2017-11-02,6470.0,6520.0,6440.0,6510.0,795700.0,6510.0,0.010869565217391353,-0.007621951219512146,1
208,2017-11-06,6590.0,6590.0,6510.0,6560.0,704200.0,6560.0,0.007680491551459223,-0.0075642965204235635,1
209,2017-11-07,6600.0,6620.0,6490.0,6610.0,1063300.0,6610.0,0.007621951219512146,0.024806201550387597,-1
210,2017-11-08,6590.0,6620.0,6430.0,6450.0,1147200.0,6450.0,-0.024205748865355536,-0.0030911901081916993,1
211,2017-11-09,6420.0,6580.0,6400.0,6470.0,1572100.0,6470.0,0.0031007751937983663,0.033546325878594185,-1
212,2017-11-10,6270.0,6440.0,6250.0,6260.0,1811100.0,6260.0,-0.03245749613601234,0.02791461412151075,-1
213,2017-11-13,6160.0,6240.0,6090.0,6090.0,1314000.0,6090.0,-0.027156549520766737,0.0235294117647058,-1
214,2017-11-15,6030.0,6060.0,5910.0,5950.0,1479600.0,5950.0,-0.02298850574712641,-0.01976935749588138,1
215,2017-11-16,5900.0,6090.0,5870.0,6070.0,976700.0,6070.0,0.020168067226890685,-0.003284072249589487,1
216,2017-11-17,6100.0,6170.0,6050.0,6090.0,864600.0,6090.0,0.0032948929159801743,-0.00327332242225864,1
217,2017-11-20,6030.0,6120.0,6030.0,6110.0,623200.0,6110.0,0.003284072249589487,0.0,0
218,2017-11-21,6150.0,6190.0,6110.0,6110.0,673500.0,6110.0,0.0,-0.006504065040650375,1
219,2017-11-22,6200.0,6220.0,6130.0,6150.0,599000.0,6150.0,0.00654664484451728,0.01317957166392092,-1
220,2017-11-24,6110.0,6120.0,6060.0,6070.0,565300.0,6070.0,-0.013008130081300862,0.015050167224080369,-1
221,2017-11-27,6090.0,6100.0,5970.0,5980.0,773300.0,5980.0,-0.014827018121911006,-0.006644518272425293,1
222,2017-11-28,6000.0,6100.0,6000.0,6020.0,689800.0,6020.0,0.006688963210702337,-0.0049586776859503745,1
223,2017-11-29,6070.0,6070.0,6020.0,6050.0,544200.0,6050.0,0.004983388704318914,0.025423728813559254,-1
224,2017-11-30,6020.0,6030.0,5900.0,5900.0,2354100.0,5900.0,-0.024793388429752095,-0.008403361344537785,1
225,2017-12-01,5970.0,5970.0,5860.0,5950.0,1030100.0,5950.0,0.008474576271186418,-0.00335008375209378,1
226,2017-12-04,5990.0,6040.0,5960.0,5970.0,735800.0,5970.0,0.003361344537815114,-0.006655574043261225,1
227,2017-12-05,5960.0,6020.0,5910.0,6010.0,721800.0,6010.0,0.00670016750418756,0.008389261744966348,-1
228,2017-12-06,5990.0,6030.0,5910.0,5960.0,843400.0,5960.0,-0.008319467554076532,-0.02454991816693941,1
229,2017-12-07,5970.0,6130.0,5960.0,6110.0,985900.0,6110.0,0.025167785234899265,-0.01768488745980712,1
230,2017-12-08,6140.0,6240.0,6120.0,6220.0,1282900.0,6220.0,0.018003273322422242,0.028099173553719048,-1
231,2017-12-11,6180.0,6180.0,5930.0,6050.0,2097400.0,6050.0,-0.02733118971061088,-0.011437908496731986,1
232,2017-12-12,6030.0,6130.0,6020.0,6120.0,815800.0,6120.0,0.011570247933884392,-0.01449275362318836,1
233,2017-12-13,6100.0,6240.0,6060.0,6210.0,1424000.0,6210.0,0.014705882352941124,0.004854368932038833,-1
234,2017-12-14,6160.0,6230.0,6130.0,6180.0,820300.0,6180.0,-0.004830917874396157,0.006514657980456029,-1
235,2017-12-15,6200.0,6200.0,6090.0,6140.0,1010400.0,6140.0,-0.006472491909385147,0.018242122719734688,-1
236,2017-12-18,6100.0,6110.0,5900.0,6030.0,1954000.0,6030.0,-0.01791530944625408,0.06725663716814156,-1
237,2017-12-19,5880.0,5880.0,5640.0,5650.0,3096100.0,5650.0,-0.06301824212271978,0.027272727272727337,-1
238,2017-12-20,5420.0,5520.0,5370.0,5500.0,3354400.0,5500.0,-0.026548672566371723,-0.029982363315696703,1
239,2017-12-21,5510.0,5710.0,5500.0,5670.0,2121000.0,5670.0,0.030909090909090997,0.021621621621621623,-1
240,2017-12-22,5630.0,5640.0,5510.0,5550.0,1575600.0,5550.0,-0.021164021164021163,0.0,0
241,2017-12-25,5550.0,5590.0,5540.0,5550.0,657000.0,5550.0,0.0,-0.010695187165775444,1
242,2017-12-26,5550.0,5630.0,5540.0,5610.0,891500.0,5610.0,0.0108108108108107,-0.010582010582010581,1
243,2017-12-27,5610.0,5700.0,5610.0,5670.0,731000.0,5670.0,0.010695187165775444,0.007104795737122638,-1
244,2017-12-28,5680.0,5680.0,5590.0,5630.0,1178300.0,5630.0,-0.007054673721340388,0.0035650623885918886,-1
245,2017-12-29,5650.0,5650.0,5600.0,5610.0,641500.0,5610.0,-0.003552397868561319,-0.020942408376963373,1
246,2018-01-04,5690.0,5740.0,5620.0,5730.0,1410600.0,5730.0,0.021390374331550888,-0.00865051903114189,1
247,2018-01-05,5740.0,5780.0,5700.0,5780.0,1062400.0,5780.0,0.008726003490401313,-0.0068728522336769515,1
248,2018-01-09,5880.0,5890.0,5780.0,5820.0,1130800.0,5820.0,0.006920415224913601,0.008665511265164572,-1
249,2018-01-10,5760.0,5800.0,5750.0,5770.0,1184500.0,5770.0,-0.00859106529209619,0.005226480836237002,-1
250,2018-01-11,5740.0,5760.0,5700.0,5740.0,890600.0,5740.0,-0.005199306759098743,0.014134275618374659,-1
251,2018-01-12,5720.0,5740.0,5640.0,5660.0,1135900.0,5660.0,-0.013937282229965153,0.0035460992907800915,-1
252,2018-01-15,5660.0,5700.0,5620.0,5640.0,662100.0,5640.0,-0.0035335689045936647,-0.013986013986013957,1
253,2018-01-16,5640.0,5730.0,5620.0,5720.0,810100.0,5720.0,0.014184397163120588,0.0035087719298245723,-1
254,2018-01-17,5730.0,5770.0,5700.0,5700.0,863300.0,5700.0,-0.0034965034965035446,0.0,0
255,2018-01-18,5740.0,5770.0,5700.0,5700.0,811600.0,5700.0,0.0,-0.023972602739726012,1
256,2018-01-19,5750.0,5840.0,5740.0,5840.0,919000.0,5840.0,0.024561403508772006,0.0017152658662091813,-1
257,2018-01-22,5850.0,5860.0,5790.0,5830.0,475400.0,5830.0,-0.001712328767123239,0.0034423407917383297,-1
258,2018-01-23,5850.0,5850.0,5790.0,5810.0,656300.0,5810.0,-0.0034305317324184736,-0.0017182130584192379,1
259,2018-01-24,5800.0,5830.0,5780.0,5820.0,646500.0,5820.0,0.001721170395869276,0.013937282229965264,-1
260,2018-01-25,5780.0,5790.0,5710.0,5740.0,799300.0,5740.0,-0.013745704467353903,-0.00692041522491349,1
261,2018-01-26,5750.0,5790.0,5730.0,5780.0,609700.0,5780.0,0.006968641114982521,0.010489510489510412,-1
262,2018-01-29,5800.0,5820.0,5710.0,5720.0,643300.0,5720.0,-0.01038062283737029,0.014184397163120588,-1
263,2018-01-30,5670.0,5710.0,5620.0,5640.0,944400.0,5640.0,-0.013986013986013957,0.016216216216216273,-1
264,2018-01-31,5620.0,5630.0,5550.0,5550.0,944900.0,5550.0,-0.015957446808510634,-0.0035906642728904536,1
265,2018-02-01,5550.0,5610.0,5520.0,5570.0,1042000.0,5570.0,0.003603603603603567,0.0017985611510791255,-1
266,2018-02-02,5540.0,5600.0,5530.0,5560.0,969300.0,5560.0,-0.0017953321364452268,0.01645338208409508,-1
267,2018-02-05,5460.0,5510.0,5440.0,5470.0,884300.0,5470.0,-0.01618705035971224,0.05802707930367501,-1
268,2018-02-06,5210.0,5220.0,5030.0,5170.0,2060600.0,5170.0,-0.054844606946983565,0.017716535433070835,-1
269,2018-02-07,5280.0,5330.0,5070.0,5080.0,1539000.0,5080.0,-0.01740812379110257,-0.01740812379110257,1
270,2018-02-08,5060.0,5290.0,4965.0,5170.0,2080900.0,5170.0,0.017716535433070835,0.017716535433070835,-1
271,2018-02-09,5090.0,5140.0,5000.0,5080.0,1220700.0,5080.0,-0.01740812379110257,0.005940594059405946,-1
272,2018-02-13,5130.0,5150.0,5040.0,5050.0,1135200.0,5050.0,-0.0059055118110236116,-0.011741682974559686,1
273,2018-02-14,5060.0,5130.0,5020.0,5110.0,1316500.0,5110.0,0.011881188118811892,-0.013513513513513487,1
274,2018-02-15,5260.0,5300.0,5180.0,5180.0,1262300.0,5180.0,0.013698630136986356,-0.02814258911819889,1
275,2018-02-16,5220.0,5400.0,5210.0,5330.0,1113900.0,5330.0,0.02895752895752901,-0.005597014925373123,1
276,2018-02-19,5380.0,5390.0,5310.0,5360.0,624700.0,5360.0,0.0056285178236397115,-0.007407407407407418,1
277,2018-02-20,5350.0,5400.0,5300.0,5400.0,977400.0,5400.0,0.00746268656716409,-0.001848428835489857,1
278,2018-02-21,5380.0,5480.0,5340.0,5410.0,828300.0,5410.0,0.0018518518518517713,0.03639846743295028,-1
279,2018-02-22,5330.0,5340.0,5190.0,5220.0,1279400.0,5220.0,-0.03512014787430684,-0.027932960893854775,1
280,2018-02-23,5280.0,5370.0,5270.0,5370.0,675200.0,5370.0,0.028735632183908066,-0.012867647058823484,1
281,2018-02-26,5410.0,5460.0,5370.0,5440.0,631500.0,5440.0,0.013035381750465591,0.0,0
282,2018-02-27,5530.0,5540.0,5430.0,5440.0,717500.0,5440.0,0.0,-0.0018348623853210455,1
283,2018-02-28,5400.0,5540.0,5380.0,5450.0,1308200.0,5450.0,0.0018382352941177516,0.03612167300380231,-1
284,2018-03-01,5370.0,5370.0,5240.0,5260.0,934700.0,5260.0,-0.034862385321100864,0.019379844961240345,-1
285,2018-03-02,5160.0,5220.0,5140.0,5160.0,1007000.0,5160.0,-0.019011406844106515,-0.009596928982725572,1
286,2018-03-05,5070.0,5230.0,5060.0,5210.0,956000.0,5210.0,0.009689922480620172,-0.003824091778202643,1
287,2018-03-06,5250.0,5290.0,5210.0,5230.0,858000.0,5230.0,0.0038387715930903177,-0.02425373134328357,1
288,2018-03-07,5320.0,5430.0,5290.0,5360.0,1354500.0,5360.0,0.0248565965583174,0.0056285178236397115,-1
289,2018-03-08,5400.0,5400.0,5300.0,5330.0,862800.0,5330.0,-0.005597014925373123,-0.016605166051660514,1
290,2018-03-09,5360.0,5490.0,5360.0,5420.0,1405800.0,5420.0,0.016885553470919357,-0.0018416206261510082,1
291,2018-03-12,5490.0,5500.0,5390.0,5430.0,684000.0,5430.0,0.0018450184501845879,-0.0018382352941176405,1
292,2018-03-13,5350.0,5450.0,5340.0,5440.0,742300.0,5440.0,0.0018416206261511192,0.016822429906542036,-1
293,2018-03-14,5400.0,5410.0,5330.0,5350.0,602200.0,5350.0,-0.016544117647058876,0.01904761904761898,-1
294,2018-03-15,5290.0,5310.0,5190.0,5250.0,908000.0,5250.0,-0.01869158878504673,-0.0019011406844106071,1
295,2018-03-16,5260.0,5300.0,5230.0,5260.0,852100.0,5260.0,0.0019047619047618536,0.003816793893129722,-1
296,2018-03-19,5260.0,5330.0,5230.0,5240.0,714200.0,5240.0,-0.0038022813688213253,-0.0038022813688213253,1
297,2018-03-20,5200.0,5270.0,5150.0,5260.0,873600.0,5260.0,0.003816793893129722,-0.013133208255159512,1
298,2018-03-22,5220.0,5350.0,5220.0,5330.0,951900.0,5330.0,0.013307984790874583,0.03898635477582846,-1
299,2018-03-23,5190.0,5210.0,5110.0,5130.0,1125900.0,5130.0,-0.03752345215759845,-0.005813953488372103,1
300,2018-03-26,5040.0,5160.0,5030.0,5160.0,764700.0,5160.0,0.005847953216374213,-0.040892193308550207,1
301,2018-03-27,5210.0,5390.0,5170.0,5380.0,1069100.0,5380.0,0.04263565891472876,0.020872865275142205,-1
302,2018-03-28,5280.0,5290.0,5210.0,5270.0,880500.0,5270.0,-0.020446096654275103,-0.020446096654275103,1
303,2018-03-29,5330.0,5380.0,5320.0,5380.0,1042400.0,5380.0,0.020872865275142205,-0.0037037037037036535,1
304,2018-03-30,5420.0,5450.0,5380.0,5400.0,713000.0,5400.0,0.0037174721189590088,0.015037593984962516,-1
305,2018-04-02,5410.0,5410.0,5320.0,5320.0,479600.0,5320.0,-0.014814814814814836,-0.005607476635513975,1
306,2018-04-03,5260.0,5370.0,5260.0,5350.0,645600.0,5350.0,0.005639097744360999,-0.001865671641791078,1
307,2018-04-04,5340.0,5380.0,5310.0,5360.0,634100.0,5360.0,0.0018691588785046953,-0.012891344383057057,1
308,2018-04-05,5400.0,5440.0,5340.0,5430.0,740200.0,5430.0,0.013059701492537323,-0.007312614259597838,1
309,2018-04-06,5450.0,5530.0,5440.0,5470.0,845900.0,5470.0,0.007366482504604033,0.003669724770642091,-1
310,2018-04-09,5410.0,5470.0,5380.0,5450.0,529300.0,5450.0,-0.003656307129798919,-0.021543985637342944,1
311,2018-04-10,5500.0,5600.0,5490.0,5570.0,965900.0,5570.0,0.022018348623853212,0.022018348623853212,-1
312,2018-04-11,5580.0,5580.0,5440.0,5450.0,657100.0,5450.0,-0.021543985637342944,0.011131725417439675,-1
313,2018-04-12,5470.0,5500.0,5370.0,5390.0,705200.0,5390.0,-0.011009174311926606,0.005597014925373234,-1
314,2018-04-13,5400.0,5430.0,5350.0,5360.0,620800.0,5360.0,-0.005565862708719838,-0.009242144177449174,1
315,2018-04-16,5380.0,5430.0,5370.0,5410.0,362200.0,5410.0,0.009328358208955168,0.0037105751391466324,-1
316,2018-04-17,5380.0,5410.0,5370.0,5390.0,518400.0,5390.0,-0.003696857670979714,-0.03749999999999998,1
317,2018-04-18,5490.0,5600.0,5480.0,5600.0,774900.0,5600.0,0.03896103896103886,-0.012345679012345734,1
318,2018-04-19,5730.0,5730.0,5650.0,5670.0,875100.0,5670.0,0.012499999999999956,0.005319148936170137,-1
319,2018-04-20,5630.0,5680.0,5580.0,5640.0,855500.0,5640.0,-0.005291005291005346,0.005347593582887722,-1
320,2018-04-23,5620.0,5630.0,5580.0,5610.0,513200.0,5610.0,-0.005319148936170248,-0.00883392226148405,1
321,2018-04-24,5640.0,5660.0,5590.0,5660.0,484000.0,5660.0,0.00891265597147961,-0.012216404886561949,1
322,2018-04-25,5630.0,5730.0,5620.0,5730.0,762900.0,5730.0,0.012367491166077826,-0.02716468590831922,1
323,2018-04-26,5740.0,5890.0,5660.0,5890.0,1507800.0,5890.0,0.027923211169284423,-0.0033840947546531774,1
324,2018-04-27,5880.0,5950.0,5850.0,5910.0,1357900.0,5910.0,0.00339558573853993,0.0,0
325,2018-05-01,5920.0,5940.0,5850.0,5910.0,671900.0,5910.0,0.0,0.0016949152542373724,-1
326,2018-05-02,5930.0,5930.0,5840.0,5900.0,610200.0,5900.0,-0.0016920473773265332,-0.0016920473773265332,1
327,2018-05-07,5890.0,5910.0,5850.0,5910.0,754700.0,5910.0,0.0016949152542373724,0.0016949152542373724,-1
328,2018-05-08,5890.0,5930.0,5590.0,5900.0,1135000.0,5900.0,-0.0016920473773265332,0.0,0
329,2018-05-09,5900.0,5930.0,5850.0,5900.0,850800.0,5900.0,0.0,-0.011725293132328285,1
330,2018-05-10,5900.0,5970.0,5850.0,5970.0,720100.0,5970.0,0.011864406779660941,-0.014851485148514865,1
331,2018-05-11,5980.0,6070.0,5810.0,6060.0,2111700.0,6060.0,0.015075376884422065,-0.013029315960912058,1
332,2018-05-14,6010.0,6200.0,5990.0,6140.0,1563700.0,6140.0,0.013201320132013139,-0.001626016260162566,1
333,2018-05-15,6130.0,6220.0,6090.0,6150.0,1238700.0,6150.0,0.0016286644951140072,0.0032626427406199365,-1
334,2018-05-16,6110.0,6170.0,6060.0,6130.0,1024200.0,6130.0,-0.003252032520325243,0.0,0
335,2018-05-17,6140.0,6150.0,6060.0,6130.0,832500.0,6130.0,0.0,-0.00648298217179899,1
336,2018-05-18,6130.0,6180.0,6100.0,6170.0,636500.0,6170.0,0.006525285481239873,0.006525285481239873,-1
337,2018-05-21,6170.0,6220.0,6130.0,6130.0,771100.0,6130.0,-0.00648298217179899,-0.0016286644951140072,1
338,2018-05-22,6120.0,6180.0,6100.0,6140.0,546600.0,6140.0,0.0016313213703098572,0.014876033057851235,-1
339,2018-05-23,6120.0,6200.0,6050.0,6050.0,1289200.0,6050.0,-0.014657980456026065,-0.0016501650165016146,1
340,2018-05-24,6040.0,6110.0,6020.0,6060.0,962500.0,6060.0,0.0016528925619834212,0.0033112582781456013,-1
341,2018-05-25,6040.0,6080.0,6000.0,6040.0,835700.0,6040.0,-0.0033003300330033403,-0.014681892332789603,1
342,2018-05-28,6040.0,6140.0,6030.0,6130.0,606500.0,6130.0,0.01490066225165565,0.004918032786885185,-1
343,2018-05-29,6070.0,6120.0,6040.0,6100.0,698800.0,6100.0,-0.004893964110929905,0.0016420361247948545,-1
344,2018-05-30,6100.0,6150.0,6060.0,6090.0,1053400.0,6090.0,-0.0016393442622950616,0.016694490818029983,-1
345,2018-05-31,6170.0,6170.0,5940.0,5990.0,3405800.0,5990.0,-0.016420361247947435,-0.019639934533551506,1
346,2018-06-01,6000.0,6140.0,6000.0,6110.0,1063200.0,6110.0,0.02003338898163598,-0.01132686084142398,1
347,2018-06-04,6130.0,6190.0,6110.0,6180.0,683200.0,6180.0,0.011456628477905184,0.004878048780487809,-1
348,2018-06-05,6210.0,6250.0,6120.0,6150.0,736300.0,6150.0,-0.004854368932038833,-0.0112540192926045,1
349,2018-06-06,6170.0,6250.0,6140.0,6220.0,926600.0,6220.0,0.011382113821138296,0.008103727714748876,-1
350,2018-06-07,6210.0,6220.0,6170.0,6170.0,947600.0,6170.0,-0.008038585209003246,0.004885993485342022,-1
351,2018-06-08,6140.0,6210.0,6140.0,6140.0,790400.0,6140.0,-0.004862236628849326,-0.001626016260162566,1
352,2018-06-11,6120.0,6180.0,6110.0,6150.0,484700.0,6150.0,0.0016286644951140072,-0.014423076923076872,1
353,2018-06-12,6170.0,6250.0,6170.0,6240.0,845100.0,6240.0,0.014634146341463428,-0.004784688995215336,1
354,2018-06-13,6190.0,6290.0,6190.0,6270.0,622300.0,6270.0,0.004807692307692291,0.011290322580645107,-1
355,2018-06-14,6220.0,6230.0,6150.0,6200.0,734700.0,6200.0,-0.011164274322169043,0.004862236628849326,-1
356,2018-06-15,6210.0,6210.0,6130.0,6170.0,854100.0,6170.0,-0.004838709677419395,0.0,0
357,2018-06-18,6190.0,6210.0,6090.0,6170.0,721900.0,6170.0,0.0,0.003252032520325132,-1
358,2018-06-19,6160.0,6220.0,6120.0,6150.0,954700.0,6150.0,-0.0032414910858995505,0.0032626427406199365,-1
359,2018-06-20,6130.0,6150.0,6000.0,6130.0,1280300.0,6130.0,-0.003252032520325243,0.008223684210526327,-1
360,2018-06-21,6090.0,6130.0,6040.0,6080.0,929900.0,6080.0,-0.00815660685154973,0.008291873963515828,-1
361,2018-06-22,6020.0,6080.0,6020.0,6030.0,813200.0,6030.0,-0.008223684210526327,0.004999999999999893,-1
362,2018-06-25,6030.0,6050.0,5950.0,6000.0,835900.0,6000.0,-0.00497512437810943,-0.0066225165562914245,1
363,2018-06-26,5940.0,6050.0,5900.0,6040.0,800800.0,6040.0,0.006666666666666599,-0.02580645161290318,1
364,2018-06-27,6010.0,6220.0,5970.0,6200.0,1213400.0,6200.0,0.026490066225165476,0.004862236628849326,-1
365,2018-06-28,6190.0,6220.0,6100.0,6170.0,1166400.0,6170.0,-0.004838709677419395,0.009819967266775809,-1
366,2018-06-29,6160.0,6170.0,6070.0,6110.0,884000.0,6110.0,-0.00972447325769854,0.021739130434782705,-1
367,2018-07-02,6080.0,6180.0,5970.0,5980.0,1016700.0,5980.0,-0.021276595744680882,0.003355704697986628,-1
368,2018-07-03,5980.0,6030.0,5920.0,5960.0,954800.0,5960.0,-0.0033444816053511683,-0.011608623548922004,1
369,2018-07-04,5930.0,6080.0,5930.0,6030.0,714600.0,6030.0,0.011744966442952975,0.0016611295681063787,-1
370,2018-07-05,6020.0,6070.0,5990.0,6020.0,792300.0,6020.0,-0.0016583747927031434,0.0033333333333334103,-1
371,2018-07-06,6040.0,6040.0,5970.0,6000.0,1130100.0,6000.0,-0.0033222591362126463,-0.00990099009900991,1
372,2018-07-09,6050.0,6080.0,6020.0,6060.0,923000.0,6060.0,0.010000000000000009,-0.014634146341463428,1
373,2018-07-10,6080.0,6200.0,6060.0,6150.0,821700.0,6150.0,0.014851485148514865,-0.0032414910858995505,1
374,2018-07-11,6160.0,6230.0,6120.0,6170.0,861800.0,6170.0,0.003252032520325132,0.016474464579901094,-1
375,2018-07-12,6180.0,6190.0,6070.0,6070.0,663600.0,6070.0,-0.01620745542949753,-0.009787928221859699,1
376,2018-07-13,6100.0,6130.0,6080.0,6130.0,542900.0,6130.0,0.009884678747940745,-0.004870129870129913,1
377,2018-07-17,6110.0,6180.0,6100.0,6160.0,607100.0,6160.0,0.004893964110929794,0.001626016260162677,-1
378,2018-07-18,6180.0,6230.0,6150.0,6150.0,497100.0,6150.0,-0.0016233766233766378,-0.0032414910858995505,1
379,2018-07-19,6190.0,6240.0,6160.0,6170.0,536100.0,6170.0,0.003252032520325132,0.013136288998357948,-1
380,2018-07-20,6120.0,6130.0,6050.0,6090.0,805400.0,6090.0,-0.012965964343598091,0.006611570247933907,-1
381,2018-07-23,6030.0,6090.0,6020.0,6050.0,498700.0,6050.0,-0.006568144499178974,-0.014657980456026065,1
382,2018-07-24,6100.0,6140.0,6080.0,6140.0,316500.0,6140.0,0.014876033057851235,-0.006472491909385147,1
383,2018-07-25,6170.0,6210.0,6150.0,6180.0,416100.0,6180.0,0.006514657980456029,-0.001615508885298822,1
384,2018-07-26,6220.0,6300.0,6180.0,6190.0,895100.0,6190.0,0.0016181229773462036,-0.008012820512820484,1
385,2018-07-27,6230.0,6280.0,6230.0,6240.0,464500.0,6240.0,0.008077544426494443,0.004830917874396157,-1
386,2018-07-30,6230.0,6250.0,6200.0,6210.0,341300.0,6210.0,-0.004807692307692291,0.0,0
387,2018-07-31,6250.0,6270.0,6190.0,6210.0,708300.0,6210.0,0.0,0.019704433497536922,-1
388,2018-08-01,6170.0,6180.0,6080.0,6090.0,605800.0,6090.0,-0.019323671497584516,0.006611570247933907,-1
389,2018-08-02,6100.0,6140.0,6040.0,6050.0,552300.0,6050.0,-0.006568144499178974,0.0033167495854062867,-1
390,2018-08-03,6030.0,6030.0,5960.0,6030.0,541800.0,6030.0,-0.0033057851239669533,0.13773584905660385,-1
391,2018-08-06,6020.0,6050.0,5170.0,5300.0,3424400.0,5300.0,-0.12106135986733002,-0.011194029850746245,1
392,2018-08-07,5350.0,5480.0,5180.0,5360.0,3442500.0,5360.0,0.01132075471698113,0.032755298651252485,-1
393,2018-08-08,5360.0,5360.0,5170.0,5190.0,1371700.0,5190.0,-0.03171641791044777,0.0,0
394,2018-08-09,5200.0,5250.0,5170.0,5190.0,753300.0,5190.0,0.0,0.015655577299412915,-1
395,2018-08-10,5190.0,5190.0,5080.0,5110.0,997700.0,5110.0,-0.015414258188824692,0.017928286852589626,-1
396,2018-08-13,5110.0,5120.0,5000.0,5020.0,708700.0,5020.0,-0.017612524461839585,-0.030888030888030937,1
397,2018-08-14,5070.0,5180.0,5020.0,5180.0,721800.0,5180.0,0.031872509960159334,0.013698630136986356,-1
398,2018-08-15,5180.0,5210.0,5080.0,5110.0,556300.0,5110.0,-0.013513513513513487,0.009881422924901129,-1
399,2018-08-16,5040.0,5070.0,4980.0,5060.0,822400.0,5060.0,-0.009784735812133127,0.01200000000000001,-1
400,2018-08-17,5080.0,5090.0,4985.0,5000.0,549900.0,5000.0,-0.011857707509881465,-0.025341130604288553,1
401,2018-08-20,5000.0,5160.0,4995.0,5130.0,1111500.0,5130.0,0.026000000000000023,0.001953125,-1
402,2018-08-21,5100.0,5160.0,5070.0,5120.0,897100.0,5120.0,-0.0019493177387914784,0.005893909626718985,-1
403,2018-08-22,5140.0,5140.0,5070.0,5090.0,410800.0,5090.0,-0.005859375,0.007920792079207928,-1
404,2018-08-23,5060.0,5090.0,5040.0,5050.0,468500.0,5050.0,-0.007858546168958758,-0.007858546168958758,1
405,2018-08-24,5080.0,5110.0,5020.0,5090.0,486000.0,5090.0,0.007920792079207928,-0.007797270955165692,1
406,2018-08-27,5100.0,5130.0,5090.0,5130.0,377700.0,5130.0,0.007858546168958647,-0.0019455252918287869,1
407,2018-08-28,5170.0,5190.0,5110.0,5140.0,664200.0,5140.0,0.0019493177387914784,0.021868787276341894,-1
408,2018-08-29,5110.0,5120.0,5030.0,5030.0,936100.0,5030.0,-0.021400778210116767,0.008016032064128265,-1
409,2018-08-30,5030.0,5050.0,4990.0,4990.0,843400.0,4990.0,-0.007952286282306154,0.004024144869215318,-1
410,2018-08-31,4980.0,4990.0,4890.0,4970.0,1132700.0,4970.0,-0.004008016032064132,0.011190233977619535,-1
411,2018-09-03,4990.0,5000.0,4910.0,4915.0,464200.0,4915.0,-0.01106639839034207,-0.017000000000000015,1
412,2018-09-04,4975.0,5040.0,4955.0,5000.0,817900.0,5000.0,0.01729399796541209,0.0030090270812437314,-1
413,2018-09-05,4955.0,5040.0,4945.0,4985.0,845700.0,4985.0,-0.0030000000000000027,-0.006972111553784854,1
414,2018-09-06,5000.0,5070.0,4950.0,5020.0,912400.0,5020.0,0.007021063189568633,0.028688524590164022,-1
415,2018-09-07,4995.0,4995.0,4860.0,4880.0,1078600.0,4880.0,-0.027888446215139417,-0.004081632653061273,1
416,2018-09-10,4860.0,4935.0,4860.0,4900.0,427000.0,4900.0,0.004098360655737654,-0.0020366598778004397,1
417,2018-09-11,4900.0,4940.0,4870.0,4910.0,601000.0,4910.0,0.0020408163265306367,0.01446280991735538,-1
418,2018-09-12,4915.0,4930.0,4790.0,4840.0,753200.0,4840.0,-0.014256619144602856,-0.022222222222222254,1
419,2018-09-13,4875.0,4960.0,4875.0,4950.0,552500.0,4950.0,0.022727272727272707,-0.007021063189568744,1
420,2018-09-14,4965.0,5010.0,4950.0,4985.0,863800.0,4985.0,0.007070707070707005,-0.004990019960079861,1
421,2018-09-18,4925.0,5030.0,4915.0,5010.0,640200.0,5010.0,0.005015045135406293,0.0,0
422,2018-09-19,5090.0,5100.0,5010.0,5010.0,693400.0,5010.0,0.0,-0.005952380952380931,1
423,2018-09-20,5050.0,5070.0,4980.0,5040.0,803600.0,5040.0,0.0059880239520957446,-0.01754385964912286,1
424,2018-09-21,5080.0,5160.0,5060.0,5130.0,1210300.0,5130.0,0.017857142857142794,-0.026565464895635715,1
425,2018-09-25,5120.0,5290.0,5110.0,5270.0,1291300.0,5270.0,0.02729044834308003,0.01737451737451745,-1
426,2018-09-26,5210.0,5220.0,5120.0,5180.0,867200.0,5180.0,-0.017077798861480087,0.019685039370078705,-1
427,2018-09-27,5150.0,5200.0,5070.0,5080.0,772500.0,5080.0,-0.019305019305019266,-0.019305019305019266,1
428,2018-09-28,5150.0,5240.0,5150.0,5180.0,768900.0,5180.0,0.019685039370078705,0.0,0
429,2018-10-01,5180.0,5200.0,5120.0,5180.0,608100.0,5180.0,0.0,0.015686274509803866,-1
430,2018-10-02,5220.0,5220.0,5080.0,5100.0,806700.0,5100.0,-0.015444015444015413,0.00591715976331364,-1
431,2018-10-03,5120.0,5150.0,5060.0,5070.0,466000.0,5070.0,-0.00588235294117645,-0.00588235294117645,1
432,2018-10-04,5050.0,5130.0,5050.0,5100.0,811800.0,5100.0,0.00591715976331364,-0.00390625,1
433,2018-10-05,5060.0,5130.0,5040.0,5120.0,594400.0,5120.0,0.0039215686274509665,0.007874015748031482,-1
434,2018-10-09,5090.0,5220.0,5060.0,5080.0,1056500.0,5080.0,-0.0078125,-0.00974658869395717,1
435,2018-10-10,5070.0,5140.0,5060.0,5130.0,520400.0,5130.0,0.009842519685039353,0.03427419354838701,-1
436,2018-10-11,4980.0,5000.0,4905.0,4960.0,1011200.0,4960.0,-0.033138401559454245,-0.015873015873015928,1
437,2018-10-12,4900.0,5050.0,4900.0,5040.0,810600.0,5040.0,0.016129032258064502,0.02962206332992845,-1
438,2018-10-15,4990.0,5010.0,4895.0,4895.0,675600.0,4895.0,-0.02876984126984128,-0.005081300813008172,1
439,2018-10-16,4855.0,4930.0,4855.0,4920.0,600300.0,4920.0,0.005107252298263587,-0.013039117352056206,1
440,2018-10-17,4990.0,5020.0,4965.0,4985.0,625100.0,4985.0,0.013211382113821113,-0.0030000000000000027,1
441,2018-10-18,4985.0,5040.0,4975.0,5000.0,513300.0,5000.0,0.0030090270812437314,-0.005964214711729587,1
442,2018-10-19,4960.0,5040.0,4930.0,5030.0,639300.0,5030.0,0.006000000000000005,0.003992015968063978,-1
443,2018-10-22,4995.0,5020.0,4930.0,5010.0,472500.0,5010.0,-0.003976143141153132,0.059196617336152224,-1
444,2018-10-23,4910.0,4925.0,4725.0,4730.0,1030700.0,4730.0,-0.055888223552894245,-0.016632016632016633,1
445,2018-10-24,4780.0,4840.0,4725.0,4810.0,1021700.0,4810.0,0.016913319238900604,0.04112554112554112,-1
446,2018-10-25,4670.0,4705.0,4605.0,4620.0,964700.0,4620.0,-0.03950103950103945,0.007633587786259444,-1
447,2018-10-26,4640.0,4655.0,4530.0,4585.0,799800.0,4585.0,-0.007575757575757569,-0.016094420600858417,1
448,2018-10-29,4645.0,4715.0,4630.0,4660.0,557900.0,4660.0,0.016357688113413316,-0.009564293304994642,1
449,2018-10-30,4595.0,4720.0,4585.0,4705.0,688500.0,4705.0,0.00965665236051505,-0.026887280248190315,1
450,2018-10-31,4775.0,4845.0,4735.0,4835.0,911200.0,4835.0,0.02763018065887346,-0.018274111675126936,1
451,2018-11-01,4835.0,4930.0,4805.0,4925.0,707100.0,4925.0,0.018614270941054833,-0.022817460317460347,1
452,2018-11-02,4940.0,5060.0,4895.0,5040.0,931300.0,5040.0,0.023350253807106647,-0.015625,1
453,2018-11-05,4985.0,5220.0,4920.0,5120.0,1328600.0,5120.0,0.015873015873015817,0.0,0
454,2018-11-06,5130.0,5150.0,5070.0,5120.0,671300.0,5120.0,0.0,0.02195608782435121,-1
455,2018-11-07,5110.0,5140.0,4995.0,5010.0,744500.0,5010.0,-0.021484375,0.0,0
456,2018-11-08,5100.0,5140.0,4810.0,5010.0,1533000.0,5010.0,0.0,-0.007920792079207928,1
457,2018-11-09,5090.0,5170.0,5040.0,5050.0,937500.0,5050.0,0.007984031936127733,0.001984126984126977,-1
458,2018-11-12,4975.0,5050.0,4915.0,5040.0,620200.0,5040.0,-0.001980198019801982,0.04347826086956519,-1
459,2018-11-13,4940.0,4940.0,4800.0,4830.0,956300.0,4830.0,-0.04166666666666663,-0.004123711340206171,1
460,2018-11-14,4845.0,4875.0,4820.0,4850.0,650700.0,4850.0,0.0041407867494824835,0.009365244536940764,-1
461,2018-11-15,4800.0,4860.0,4780.0,4805.0,709700.0,4805.0,-0.009278350515463885,0.0,0
462,2018-11-16,4790.0,4840.0,4780.0,4805.0,938200.0,4805.0,0.0,-0.010298661174047319,1
463,2018-11-19,4780.0,4885.0,4780.0,4855.0,572600.0,4855.0,0.010405827263267442,0.0,0
464,2018-11-20,4785.0,4870.0,4770.0,4855.0,573300.0,4855.0,0.0,0.004136504653567741,-1
465,2018-11-21,4785.0,4865.0,4780.0,4835.0,500000.0,4835.0,-0.004119464469618972,-0.01926977687626774,1
466,2018-11-22,4895.0,4940.0,4845.0,4930.0,486100.0,4930.0,0.01964839710444677,-0.029527559055118058,1
467,2018-11-26,4990.0,5100.0,4990.0,5080.0,760500.0,5080.0,0.030425963488843744,0.01195219123505975,-1
468,2018-11-27,5050.0,5050.0,4965.0,5020.0,671600.0,5020.0,-0.011811023622047223,0.023445463812436396,-1
469,2018-11-28,5050.0,5050.0,4885.0,4905.0,851000.0,4905.0,-0.02290836653386452,-0.011088709677419373,1
470,2018-11-29,4960.0,4980.0,4920.0,4960.0,653000.0,4960.0,0.011213047910295648,-0.006012024048096198,1
471,2018-11-30,4965.0,5050.0,4945.0,4990.0,1219200.0,4990.0,0.006048387096774244,-0.003992015968063867,1
472,2018-12-03,5050.0,5070.0,5000.0,5010.0,594500.0,5010.0,0.004008016032064132,0.04049844236760114,-1
473,2018-12-04,5000.0,5010.0,4815.0,4815.0,825100.0,4815.0,-0.038922155688622784,-0.032160804020100464,1
474,2018-12-05,4810.0,4975.0,4780.0,4975.0,926400.0,4975.0,0.03322949117341634,-0.0010040160642570406,1
475,2018-12-06,4930.0,4985.0,4885.0,4980.0,1016000.0,4980.0,0.0010050251256281673,0.02680412371134011,-1
476,2018-12-07,5000.0,5010.0,4775.0,4850.0,1311100.0,4850.0,-0.026104417670682722,0.0031023784901758056,-1
477,2018-12-10,4805.0,4860.0,4730.0,4835.0,855600.0,4835.0,-0.003092783505154628,0.010449320794148287,-1
478,2018-12-11,4790.0,4800.0,4680.0,4785.0,952400.0,4785.0,-0.010341261633919352,-0.018461538461538418,1
479,2018-12-12,4790.0,4885.0,4790.0,4875.0,927100.0,4875.0,0.018808777429467183,-0.0365612648221344,1
480,2018-12-13,4910.0,5080.0,4905.0,5060.0,1024000.0,5060.0,0.0379487179487179,0.022222222222222143,-1
481,2018-12-14,5040.0,5090.0,4930.0,4950.0,1280400.0,4950.0,-0.021739130434782594,-0.0010090817356205317,1
482,2018-12-17,4945.0,4990.0,4910.0,4955.0,738500.0,4955.0,0.0010101010101009056,0.03229166666666661,-1
483,2018-12-18,4885.0,4885.0,4790.0,4800.0,1127400.0,4800.0,-0.03128153380423815,-0.020408163265306145,1
484,2018-12-19,4895.0,4945.0,4830.0,4900.0,1030000.0,4900.0,0.02083333333333326,0.03594080338266381,-1
485,2018-12-20,4865.0,4915.0,4710.0,4730.0,799700.0,4730.0,-0.03469387755102038,0.017204301075268713,-1
486,2018-12-21,4685.0,4740.0,4625.0,4650.0,1157400.0,4650.0,-0.016913319238900604,0.055618615209988675,-1
487,2018-12-25,4505.0,4515.0,4390.0,4405.0,728100.0,4405.0,-0.052688172043010795,-0.012331838565022402,1
488,2018-12-26,4420.0,4525.0,4385.0,4460.0,665600.0,4460.0,0.012485811577752637,-0.060063224446786134,1
489,2018-12-27,4615.0,4770.0,4615.0,4745.0,802200.0,4745.0,0.06390134529147984,0.008501594048884176,-1
490,2018-12-28,4730.0,4750.0,4665.0,4705.0,632300.0,4705.0,-0.008429926238145424,0.0064171122994651775,-1
491,2019-01-04,4640.0,4685.0,4590.0,4675.0,731700.0,4675.0,-0.006376195536663132,-0.027055150884495283,1
492,2019-01-07,4820.0,4870.0,4785.0,4805.0,585800.0,4805.0,0.027807486631016065,0.014783526927138357,-1
493,2019-01-08,4800.0,4800.0,4715.0,4735.0,806300.0,4735.0,-0.014568158168574374,-0.0031578947368421373,1
494,2019-01-09,4800.0,4810.0,4705.0,4750.0,731500.0,4750.0,0.0031678986272438703,-0.01144640998959412,1
495,2019-01-10,4745.0,4845.0,4720.0,4805.0,854700.0,4805.0,0.011578947368421133,-0.0020768431983385627,1
496,2019-01-11,4825.0,4850.0,4750.0,4815.0,811500.0,4815.0,0.0020811654526535772,-0.020345879959308255,1
497,2019-01-15,4855.0,4955.0,4815.0,4915.0,1025600.0,4915.0,0.020768431983385183,0.020768431983385183,-1
498,2019-01-16,4970.0,4985.0,4790.0,4815.0,771000.0,4815.0,-0.020345879959308255,-0.007216494845360799,1
499,2019-01-17,4855.0,4915.0,4825.0,4850.0,591600.0,4850.0,0.007268951194184803,-0.028056112224448926,1
500,2019-01-18,4950.0,5030.0,4915.0,4990.0,814800.0,4990.0,0.028865979381443196,-0.015779092702169595,1
501,2019-01-21,5060.0,5110.0,5030.0,5070.0,648600.0,5070.0,0.01603206412825653,-0.011695906432748537,1
502,2019-01-22,5130.0,5170.0,5070.0,5130.0,702700.0,5130.0,0.01183431952662728,0.01383399209486158,-1
503,2019-01-23,5110.0,5130.0,5050.0,5060.0,525600.0,5060.0,-0.013645224171540016,-0.009784735812133127,1
504,2019-01-24,5080.0,5110.0,5050.0,5110.0,512700.0,5110.0,0.009881422924901129,0.0,0
505,2019-01-25,5060.0,5110.0,5030.0,5110.0,807500.0,5110.0,0.0,0.011881188118811892,-1
506,2019-01-28,5120.0,5130.0,5030.0,5050.0,446200.0,5050.0,-0.011741682974559686,-0.007858546168958758,1
507,2019-01-29,5040.0,5110.0,5020.0,5090.0,585300.0,5090.0,0.007920792079207928,-0.005859375,1
508,2019-01-30,5090.0,5130.0,5080.0,5120.0,746600.0,5120.0,0.005893909626718985,0.001956947162426559,-1
509,2019-01-31,5170.0,5220.0,5080.0,5110.0,752600.0,5110.0,-0.001953125,-0.007766990291262155,1
510,2019-02-01,5100.0,5180.0,5100.0,5150.0,586800.0,5150.0,0.007827788649706457,-0.009615384615384581,1
511,2019-02-04,5160.0,5200.0,5130.0,5200.0,539400.0,5200.0,0.009708737864077666,0.011673151750972721,-1
512,2019-02-05,5190.0,5200.0,5110.0,5140.0,437100.0,5140.0,-0.011538461538461497,0.00390625,-1
513,2019-02-06,5140.0,5160.0,5090.0,5120.0,499500.0,5120.0,-0.0038910505836575737,0.05567010309278353,-1
514,2019-02-07,5080.0,5140.0,4815.0,4850.0,1279600.0,4850.0,-0.052734375,-0.01722391084093211,1
515,2019-02-08,4820.0,5020.0,4790.0,4935.0,1370700.0,4935.0,0.017525773195876226,0.01127049180327866,-1
516,2019-02-12,4880.0,4945.0,4825.0,4880.0,837600.0,4880.0,-0.011144883485309065,0.002053388090349051,-1
517,2019-02-13,4885.0,4910.0,4825.0,4870.0,749900.0,4870.0,-0.002049180327868827,-0.026000000000000023,1
518,2019-02-14,5000.0,5040.0,4975.0,5000.0,931200.0,5000.0,0.026694045174537884,0.012145748987854255,-1
519,2019-02-15,4960.0,4985.0,4910.0,4940.0,626400.0,4940.0,-0.01200000000000001,-0.006036217303822977,1
520,2019-02-18,5010.0,5020.0,4955.0,4970.0,636900.0,4970.0,0.006072874493927127,-0.007984031936127733,1
521,2019-02-19,4965.0,5020.0,4935.0,5010.0,770000.0,5010.0,0.008048289738430636,-0.003976143141153132,1
522,2019-02-20,5000.0,5070.0,4990.0,5030.0,593400.0,5030.0,0.003992015968063978,-0.001984126984126977,1
523,2019-02-21,5030.0,5090.0,5010.0,5040.0,448900.0,5040.0,0.001988071570576455,-0.00982318271119842,1
524,2019-02-22,5040.0,5110.0,5010.0,5090.0,438000.0,5090.0,0.009920634920634885,-0.003913894324853229,1
525,2019-02-25,5100.0,5150.0,5100.0,5110.0,429100.0,5110.0,0.003929273084479323,-0.005836575875486361,1
526,2019-02-26,5110.0,5140.0,5090.0,5140.0,562900.0,5140.0,0.005870841487279899,-0.030188679245283012,1
527,2019-02-27,5190.0,5310.0,5190.0,5300.0,1122700.0,5300.0,0.03112840466926059,0.0076045627376426506,-1
528,2019-02-28,5250.0,5300.0,5230.0,5260.0,728900.0,5260.0,-0.007547169811320753,-0.0037878787878787845,1
529,2019-03-01,5290.0,5300.0,5220.0,5280.0,483600.0,5280.0,0.0038022813688212143,-0.001890359168241984,1
530,2019-03-04,5330.0,5330.0,5240.0,5290.0,422800.0,5290.0,0.0018939393939394478,-0.0037664783427495685,1
531,2019-03-05,5260.0,5320.0,5250.0,5310.0,372100.0,5310.0,0.003780718336483968,0.011428571428571344,-1
532,2019-03-06,5290.0,5310.0,5240.0,5250.0,495100.0,5250.0,-0.011299435028248594,0.005747126436781658,-1
533,2019-03-07,5180.0,5260.0,5160.0,5220.0,658500.0,5220.0,-0.005714285714285672,0.013592233009708687,-1
534,2019-03-08,5160.0,5230.0,5140.0,5150.0,846300.0,5150.0,-0.013409961685823757,0.0,0
535,2019-03-11,5120.0,5170.0,5120.0,5150.0,377700.0,5150.0,0.0,-0.00579150579150578,1
536,2019-03-12,5170.0,5230.0,5160.0,5180.0,521900.0,5180.0,0.005825242718446644,0.0077821011673151474,-1
537,2019-03-13,5190.0,5230.0,5130.0,5140.0,404300.0,5140.0,-0.007722007722007707,-0.009633911368015391,1
538,2019-03-14,5220.0,5240.0,5190.0,5190.0,526200.0,5190.0,0.009727626459143934,0.0,0
539,2019-03-15,5200.0,5220.0,5170.0,5190.0,717700.0,5190.0,0.0,-0.007648183556405397,1
540,2019-03-18,5230.0,5250.0,5190.0,5230.0,416600.0,5230.0,0.007707129094412402,0.007707129094412402,-1
541,2019-03-19,5240.0,5250.0,5170.0,5190.0,410400.0,5190.0,-0.007648183556405397,0.0,0
542,2019-03-20,5170.0,5210.0,5150.0,5190.0,418200.0,5190.0,0.0,-0.011428571428571455,1
543,2019-03-22,5250.0,5270.0,5210.0,5250.0,486400.0,5250.0,0.011560693641618602,0.03754940711462451,-1
544,2019-03-25,5160.0,5160.0,5030.0,5060.0,590100.0,5060.0,-0.03619047619047622,-0.04347826086956519,1
545,2019-03-26,5140.0,5290.0,5120.0,5290.0,880400.0,5290.0,0.045454545454545414,0.005703422053231932,-1
546,2019-03-27,5250.0,5280.0,5210.0,5260.0,590200.0,5260.0,-0.005671077504725952,0.02935420743639927,-1
547,2019-03-28,5210.0,5210.0,5100.0,5110.0,550000.0,5110.0,-0.028517110266159662,-0.005836575875486361,1
548,2019-03-29,5120.0,5160.0,5090.0,5140.0,388800.0,5140.0,0.005870841487279899,-0.007722007722007707,1
549,2019-04-01,5170.0,5200.0,5130.0,5180.0,615700.0,5180.0,0.0077821011673151474,0.02371541501976293,-1
550,2019-04-02,5210.0,5210.0,5050.0,5060.0,628000.0,5060.0,-0.02316602316602312,0.005964214711729587,-1
551,2019-04-03,5050.0,5050.0,4950.0,5030.0,652600.0,5030.0,-0.005928853754940677,0.01718907987866536,-1
552,2019-04-04,4985.0,5010.0,4945.0,4945.0,622900.0,4945.0,-0.016898608349900646,-0.004028197381671705,1
553,2019-04-05,4980.0,5010.0,4935.0,4965.0,496200.0,4965.0,0.004044489383215444,0.006079027355623046,-1
554,2019-04-08,4985.0,4995.0,4920.0,4935.0,363100.0,4935.0,-0.0060422960725075026,0.022797927461139844,-1
555,2019-04-09,4870.0,4870.0,4815.0,4825.0,595300.0,4825.0,-0.02228976697061802,0.01685985247629085,-1
556,2019-04-10,4780.0,4785.0,4725.0,4745.0,505500.0,4745.0,-0.016580310880829008,-0.00524109014675056,1
557,2019-04-11,4750.0,4775.0,4725.0,4770.0,540600.0,4770.0,0.005268703898840821,0.0010493179433368471,-1
558,2019-04-12,4800.0,4805.0,4730.0,4765.0,718200.0,4765.0,-0.0010482180293500676,-0.009355509355509328,1
559,2019-04-15,4810.0,4835.0,4795.0,4810.0,523600.0,4810.0,0.009443861490031402,-0.013333333333333308,1
560,2019-04-16,4835.0,4905.0,4830.0,4875.0,678100.0,4875.0,0.013513513513513598,0.01987447698744771,-1
561,2019-04-17,4850.0,4855.0,4770.0,4780.0,711500.0,4780.0,-0.019487179487179485,0.0010471204188482464,-1
562,2019-04-18,4805.0,4845.0,4760.0,4775.0,576400.0,4775.0,-0.0010460251046024993,0.0031512605042016695,-1
563,2019-04-19,4795.0,4820.0,4755.0,4760.0,303700.0,4760.0,-0.003141361256544517,-0.01449275362318836,1
564,2019-04-22,4750.0,4835.0,4750.0,4830.0,377400.0,4830.0,0.014705882352941124,-0.009230769230769265,1
565,2019-04-23,4830.0,4890.0,4810.0,4875.0,541200.0,4875.0,0.009316770186335477,0.016684045881126153,-1
566,2019-04-24,4905.0,4935.0,4790.0,4795.0,661500.0,4795.0,-0.016410256410256396,-0.014388489208633115,1
567,2019-04-25,4800.0,4870.0,4770.0,4865.0,436400.0,4865.0,0.014598540145985384,-0.002051282051282022,1
568,2019-04-26,4805.0,4890.0,4795.0,4875.0,560900.0,4875.0,0.0020554984583760483,0.012461059190031154,-1
569,2019-05-07,4815.0,4825.0,4760.0,4815.0,855400.0,4815.0,-0.012307692307692353,0.013684210526315743,-1
570,2019-05-08,4795.0,4820.0,4720.0,4750.0,715700.0,4750.0,-0.01349948078920038,0.021505376344086002,-1
571,2019-05-09,4710.0,4715.0,4585.0,4650.0,784300.0,4650.0,-0.021052631578947323,-0.0382626680455016,1
572,2019-05-10,4655.0,4900.0,4600.0,4835.0,1887200.0,4835.0,0.03978494623655915,0.003112033195020736,-1
573,2019-05-13,4870.0,4960.0,4805.0,4820.0,1102300.0,4820.0,-0.0031023784901758056,0.0387931034482758,-1
574,2019-05-14,4705.0,4715.0,4570.0,4640.0,1782300.0,4640.0,-0.03734439834024894,0.04740406320541757,-1
575,2019-05-15,4450.0,4500.0,4395.0,4430.0,2099400.0,4430.0,-0.04525862068965514,-0.020994475138121582,1
576,2019-05-16,4430.0,4540.0,4420.0,4525.0,989000.0,4525.0,0.021444695259593693,0.019144144144144226,-1
577,2019-05-17,4455.0,4505.0,4430.0,4440.0,1485000.0,4440.0,-0.018784530386740328,-0.0011248593925758943,1
578,2019-05-20,4410.0,4495.0,4405.0,4445.0,937800.0,4445.0,0.0011261261261261701,0.02066590126291623,-1
579,2019-05-21,4350.0,4415.0,4345.0,4355.0,1291400.0,4355.0,-0.020247469066366652,0.0046136101499423265,-1
580,2019-05-22,4370.0,4390.0,4330.0,4335.0,1179600.0,4335.0,-0.004592422502870286,0.04206730769230771,-1
581,2019-05-23,4230.0,4235.0,4145.0,4160.0,1565600.0,4160.0,-0.04036908881199541,-0.0012004801920768582,1
582,2019-05-24,4105.0,4185.0,4090.0,4165.0,1107100.0,4165.0,0.0012019230769231282,-0.004778972520907976,1
583,2019-05-27,4165.0,4195.0,4130.0,4185.0,744600.0,4185.0,0.004801920768307433,0.023227383863080764,-1
584,2019-05-28,4170.0,4170.0,4075.0,4090.0,2470500.0,4090.0,-0.022700119474313052,0.006150061500614923,-1
585,2019-05-29,4020.0,4080.0,3980.0,4065.0,1158200.0,4065.0,-0.006112469437652757,-0.00974421437271622,1
586,2019-05-30,4035.0,4110.0,4015.0,4105.0,915200.0,4105.0,0.009840098400984099,0.035308953341740335,-1
587,2019-05-31,4045.0,4055.0,3950.0,3965.0,1766400.0,3965.0,-0.03410475030450666,-0.024600246002460024,1
588,2019-06-03,3950.0,4065.0,3945.0,4065.0,1126000.0,4065.0,0.02522068095838592,-0.013349514563106846,1
589,2019-06-04,4165.0,4180.0,4085.0,4120.0,1308700.0,4120.0,0.013530135301353052,-0.002421307506053294,1
590,2019-06-05,4175.0,4175.0,4065.0,4130.0,1386900.0,4130.0,0.0024271844660195274,0.0036452004860267895,-1
591,2019-06-06,4120.0,4165.0,4105.0,4115.0,885400.0,4115.0,-0.003631961259079941,-0.006038647342995196,1
592,2019-06-07,4085.0,4140.0,4060.0,4140.0,996100.0,4140.0,0.0060753341433779084,-0.0012062726176115257,1
593,2019-06-10,4140.0,4180.0,4135.0,4145.0,844000.0,4145.0,0.0012077294685990392,-0.007185628742514938,1
594,2019-06-11,4145.0,4205.0,4125.0,4175.0,745100.0,4175.0,0.007237635705669376,0.013349514563106846,-1
595,2019-06-12,4080.0,4140.0,4060.0,4120.0,989100.0,4120.0,-0.013173652694610793,-0.0036275695284159193,1
596,2019-06-13,4100.0,4145.0,4070.0,4135.0,992800.0,4135.0,0.00364077669902918,0.008536585365853666,-1
597,2019-06-14,4135.0,4145.0,4095.0,4100.0,1105000.0,4100.0,-0.008464328899637219,0.012345679012345734,-1
598,2019-06-17,4120.0,4145.0,4050.0,4050.0,993300.0,4050.0,-0.012195121951219523,0.015037593984962516,-1
599,2019-06-18,4000.0,4040.0,3950.0,3990.0,1245600.0,3990.0,-0.014814814814814836,-0.0037453183520599342,1
600,2019-06-19,4040.0,4060.0,4000.0,4005.0,1227900.0,4005.0,0.003759398496240518,-0.006203473945409432,1
601,2019-06-20,4025.0,4060.0,3990.0,4030.0,1064800.0,4030.0,0.006242197253433224,0.026751592356687892,-1
602,2019-06-21,4025.0,4025.0,3885.0,3925.0,1736400.0,3925.0,-0.02605459057071957,-0.005069708491761693,1
603,2019-06-24,3925.0,3960.0,3900.0,3945.0,527900.0,3945.0,0.005095541401273884,0.011538461538461497,-1
604,2019-06-25,3980.0,4005.0,3880.0,3900.0,918300.0,3900.0,-0.011406844106463865,0.0012836970474967568,-1
605,2019-06-26,3920.0,3935.0,3870.0,3895.0,844200.0,3895.0,-0.0012820512820512775,-0.015170670037926715,1
606,2019-06-27,3890.0,3955.0,3865.0,3955.0,1158600.0,3955.0,0.015404364569961526,0.010217113665389466,-1
607,2019-06-28,3950.0,3950.0,3870.0,3915.0,1040600.0,3915.0,-0.010113780025284402,-0.018796992481203034,1
608,2019-07-01,3970.0,4000.0,3955.0,3990.0,972800.0,3990.0,0.019157088122605304,-0.017241379310344862,1
609,2019-07-02,4010.0,4095.0,4010.0,4060.0,1234400.0,4060.0,0.01754385964912286,-0.007334963325183352,1
610,2019-07-03,4060.0,4090.0,4030.0,4090.0,1062200.0,4090.0,0.00738916256157629,-0.00848484848484854,1
611,2019-07-04,4100.0,4135.0,4100.0,4125.0,614900.0,4125.0,0.008557457212713837,-0.0036231884057971175,1
612,2019-07-05,4170.0,4180.0,4115.0,4140.0,795800.0,4140.0,0.0036363636363636598,0.014705882352941124,-1
613,2019-07-08,4130.0,4155.0,4060.0,4080.0,746100.0,4080.0,-0.01449275362318836,0.012406947890818865,-1
614,2019-07-09,4100.0,4130.0,4025.0,4030.0,857400.0,4030.0,-0.01225490196078427,0.02414231257941557,-1
615,2019-07-10,3985.0,3985.0,3925.0,3935.0,1397400.0,3935.0,-0.023573200992555776,0.0,0
616,2019-07-11,3900.0,3940.0,3880.0,3935.0,894600.0,3935.0,0.0,0.005108556832694733,-1
617,2019-07-12,3940.0,3970.0,3915.0,3915.0,741200.0,3915.0,-0.0050825921219822545,0.03026315789473677,-1
618,2019-07-16,3865.0,3890.0,3800.0,3800.0,1266200.0,3800.0,-0.02937420178799488,-0.003931847968545177,1
619,2019-07-17,3765.0,3830.0,3755.0,3815.0,1363900.0,3815.0,0.003947368421052699,0.021419009370816644,-1
620,2019-07-18,3745.0,3790.0,3710.0,3735.0,1333200.0,3735.0,-0.020969855832241202,-0.015810276679841917,1
621,2019-07-19,3735.0,3805.0,3735.0,3795.0,1303200.0,3795.0,0.016064257028112428,-0.0026281208935611255,1
622,2019-07-22,3805.0,3860.0,3800.0,3805.0,794500.0,3805.0,0.0026350461133068936,-0.003926701570680646,1
623,2019-07-23,3785.0,3835.0,3755.0,3820.0,779000.0,3820.0,0.003942181340341744,0.022757697456492698,-1
624,2019-07-24,3750.0,3795.0,3730.0,3735.0,1222200.0,3735.0,-0.022251308900523514,-0.009283819628647216,1
625,2019-07-25,3760.0,3780.0,3715.0,3770.0,860200.0,3770.0,0.009370816599732157,0.021680216802167918,-1
626,2019-07-26,3700.0,3730.0,3675.0,3690.0,963100.0,3690.0,-0.021220159151193685,0.013736263736263687,-1
627,2019-07-29,3675.0,3695.0,3630.0,3640.0,671100.0,3640.0,-0.013550135501354976,-0.012211668928086894,1
628,2019-07-30,3620.0,3700.0,3620.0,3685.0,840400.0,3685.0,0.012362637362637319,-0.022546419098143256,1
629,2019-07-31,3700.0,3795.0,3690.0,3770.0,1239200.0,3770.0,0.023066485753052923,-0.0013245033112583293,1
630,2019-08-01,3770.0,3815.0,3760.0,3775.0,847200.0,3775.0,0.0013262599469496816,0.024423337856173788,-1
631,2019-08-02,3675.0,3720.0,3655.0,3685.0,866700.0,3685.0,-0.02384105960264904,-0.03280839895013121,1
632,2019-08-05,3635.0,3865.0,3575.0,3810.0,2185300.0,3810.0,0.03392130257801895,0.006605019815059343,-1
633,2019-08-06,3675.0,3845.0,3635.0,3785.0,2153000.0,3785.0,-0.006561679790026198,0.03698630136986303,-1
634,2019-08-07,3725.0,3735.0,3625.0,3650.0,1282500.0,3650.0,-0.03566710700132103,-0.022757697456492587,1
635,2019-08-08,3660.0,3800.0,3650.0,3735.0,1158100.0,3735.0,0.023287671232876672,0.0013404825737264314,-1
636,2019-08-09,3765.0,3770.0,3700.0,3730.0,995000.0,3730.0,-0.0013386880856760541,0.024725274725274637,-1
637,2019-08-13,3695.0,3710.0,3630.0,3640.0,1232800.0,3640.0,-0.024128686327077764,-0.004103967168262668,1
638,2019-08-14,3680.0,3700.0,3650.0,3655.0,863500.0,3655.0,0.004120879120879106,0.026685393258427004,-1
639,2019-08-15,3570.0,3580.0,3525.0,3560.0,918400.0,3560.0,-0.025991792065663488,-0.012482662968099856,1
640,2019-08-16,3565.0,3615.0,3530.0,3605.0,892200.0,3605.0,0.012640449438202195,-0.013679890560875485,1
641,2019-08-19,3650.0,3680.0,3620.0,3655.0,639300.0,3655.0,0.01386962552011095,-0.006793478260869512,1
642,2019-08-20,3635.0,3685.0,3625.0,3680.0,468000.0,3680.0,0.0068399452804377425,0.015172413793103523,-1
643,2019-08-21,3620.0,3635.0,3605.0,3625.0,652600.0,3625.0,-0.014945652173913082,-0.020270270270270285,1
644,2019-08-22,3650.0,3710.0,3630.0,3700.0,935500.0,3700.0,0.020689655172413834,-0.004037685060565233,1
645,2019-08-23,3745.0,3770.0,3700.0,3715.0,615800.0,3715.0,0.004054054054054124,0.013642564802182733,-1
646,2019-08-26,3620.0,3680.0,3605.0,3665.0,743500.0,3665.0,-0.013458950201884257,0.0,0
647,2019-08-27,3700.0,3710.0,3660.0,3665.0,572200.0,3665.0,0.0,0.005486968449931462,-1
648,2019-08-28,3660.0,3675.0,3640.0,3645.0,456700.0,3645.0,-0.00545702592087316,-0.02278820375335122,1
649,2019-08-29,3690.0,3740.0,3670.0,3730.0,744100.0,3730.0,0.023319615912208436,-0.007978723404255317,1
650,2019-08-30,3780.0,3780.0,3745.0,3760.0,956400.0,3760.0,0.008042895442359255,-0.0013280212483399723,1
651,2019-09-02,3775.0,3775.0,3735.0,3765.0,558200.0,3765.0,0.0013297872340425343,0.0,0
652,2019-09-03,3775.0,3775.0,3730.0,3765.0,458000.0,3765.0,0.0,0.020325203252032464,-1
653,2019-09-04,3760.0,3760.0,3670.0,3690.0,886700.0,3690.0,-0.019920318725099584,-0.00939597315436247,1
654,2019-09-05,3710.0,3750.0,3685.0,3725.0,1103400.0,3725.0,0.009485094850948617,-0.011936339522546469,1
655,2019-09-06,3735.0,3775.0,3730.0,3770.0,756000.0,3770.0,0.012080536912751683,-0.04556962025316458,1
656,2019-09-10,3960.0,4035.0,3925.0,3950.0,1634000.0,3950.0,0.04774535809018565,-0.03658536585365857,1
657,2019-09-11,4005.0,4105.0,3995.0,4100.0,1588800.0,4100.0,0.03797468354430378,0.004901960784313708,-1
658,2019-09-12,4155.0,4160.0,4080.0,4080.0,1189100.0,4080.0,-0.004878048780487809,-0.01449275362318836,1
659,2019-09-13,4095.0,4155.0,4020.0,4140.0,1626200.0,4140.0,0.014705882352941124,-0.007194244604316502,1
660,2019-09-17,4170.0,4240.0,4160.0,4170.0,1094000.0,4170.0,0.007246376811594235,0.024570024570024662,-1
661,2019-09-18,4150.0,4150.0,4050.0,4070.0,1075500.0,4070.0,-0.023980815347721784,-0.02280912364945975,1
662,2019-09-19,4085.0,4195.0,4080.0,4165.0,1245500.0,4165.0,0.023341523341523285,0.0,0
663,2019-09-20,4210.0,4215.0,4135.0,4165.0,1793200.0,4165.0,0.0,-0.005966587112171795,1
664,2019-09-24,4175.0,4250.0,4170.0,4190.0,1082800.0,4190.0,0.006002400960384069,-0.008284023668639007,1
665,2019-09-25,4195.0,4240.0,4160.0,4225.0,1089700.0,4225.0,0.00835322195704058,-0.010538641686182681,1
666,2019-09-26,4315.0,4345.0,4260.0,4270.0,1421300.0,4270.0,0.010650887573964596,0.010650887573964596,-1
667,2019-09-27,4205.0,4235.0,4135.0,4225.0,1423200.0,4225.0,-0.010538641686182681,0.009557945041815952,-1
668,2019-09-30,4225.0,4230.0,4145.0,4185.0,785000.0,4185.0,-0.009467455621301801,0.006009615384615419,-1
669,2019-10-01,4200.0,4230.0,4145.0,4160.0,715800.0,4160.0,-0.005973715651135025,0.007263922518159882,-1
670,2019-10-02,4130.0,4155.0,4105.0,4130.0,787100.0,4130.0,-0.007211538461538436,0.007263922518159882,0
